"edge_id","source","target","length","car","car.reverse","bike","bike.reverse","foot","WKT","l1","l2","l3","l4","l5","l6","l7","l8","l9","l10","l11","l12","l13","l14","l15","l16","l17","l17.1","l19","l20","l21","l22","l23","l24","l25","l26","l27","l28","l29","l30","l31","l32","l33","l34","l35","l36","l37","l38","l39","l40","l41","l42","l43","l44","l45","l46","l47","l48","l49","l50","l51","l52","l53","l54","l55","l56","l57","l58","l59","l60","l61","l62","l63","l64","l65","saftyScore","edgeBetweenness","f","betweenness"
258,924785116,924785117,14.930519104,0,0,5,5,1,"LINESTRING(-79.9360997 40.4390573","-79.9359238 40.439047)","","","","","","","","","","","","","","","","","","","","","","","","","","","","","","","","","","","","","","","","","","","","","","","","","","","","","","","","","","","","","","","","",1,642,2,2
229,3103583478,3103583481,40.3704605103,1,1,2,2,1,"LINESTRING(-79.9345695 40.4385444","-79.9344528 40.4384707","-79.9343184 40.4383398","-79.9342729 40.438266)","","","","","","","","","","","","","","","","","","","","","","","","","","","","","","","","","","","","","","","","","","","","","","","","","","","","","","","","","","","","","","",1,426,38,38
70,104857381,104857431,523.535827637,1,1,2,2,1,"LINESTRING(-79.9335577 40.4356155","-79.9331291 40.4357115","-79.9326251 40.435857","-79.9320476 40.4361362","-79.9314874 40.4364031","-79.9310832 40.4365276","-79.9306683 40.4365912","-79.9276825 40.4367772)","","","","","","","","","","","","","","","","","","","","","","","","","","","","","","","","","","","","","","","","","","","","","","","","","","","","","","","","","","",1,88,2,2
28,105142425,104382840,50.8932876587,1,1,2,2,1,"LINESTRING(-79.937696 40.4399332","-79.9376607 40.4398693","-79.9375868 40.4398109","-79.9373713 40.4397684","-79.9371968 40.4397314)","","","","","","","","","","","","","","","","","","","","","","","","","","","","","","","","","","","","","","","","","","","","","","","","","","","","","","","","","","","","","",1,263,454,454
36,105138944,104949814,109.275680542,1,1,2,2,1,"LINESTRING(-79.9344431 40.440934","-79.9332475 40.4413052)","","","","","","","","","","","","","","","","","","","","","","","","","","","","","","","","","","","","","","","","","","","","","","","","","","","","","","","","","","","","","","","","",1,682.666666666667,17.1666666666667,17.1666666666667
26,104382840,105058025,28.561170578,1,1,2,2,1,"LINESTRING(-79.9371968 40.4397314","-79.9371006 40.4399776)","","","","","","","","","","","","","","","","","","","","","","","","","","","","","","","","","","","","","","","","","","","","","","","","","","","","","","","","","","","","","","","","",1,68,9,9
12,104949802,104949814,170.447036743,1,1,2,2,1,"LINESTRING(-79.9340311 40.4427173","-79.9332475 40.4413052)","","","","","","","","","","","","","","","","","","","","","","","","","","","","","","","","","","","","","","","","","","","","","","","","","","","","","","","","","","","","","","","","",1,19.5,78,78
310,4961818958,924785112,1.52192854881,0,0,5,5,1,"LINESTRING(-79.9420839 40.4440882","-79.9420665 40.4440847)","","","","","","","","","","","","","","","","","","","","","","","","","","","","","","","","","","","","","","","","","","","","","","","","","","","","","","","","","","","","","","","","",1,63,186,186
57,472546699,1781186411,6.65766572952,1,1,2,2,1,"LINESTRING(-79.940685 40.441568","-79.9406089 40.4415528)","","","","","","","","","","","","","","","","","","","","","","","","","","","","","","","","","","","","","","","","","","","","","","","","","","","","","","","","","","","","","","","","",1,893,1166,1166
221,106098077,302755545,245.41317749,1,1,2,2,1,"LINESTRING(-79.9470669 40.4414939","-79.9465457 40.4413898","-79.9445578 40.4409928","-79.9442617 40.4409344)","","","","","","","","","","","","","","","","","","","","","","","","","","","","","","","","","","","","","","","","","","","","","","","","","","","","","","","","","","","","","","",1,50,785,785
264,3643294726,3103583477,20.9919338226,0,0,5,5,1,"LINESTRING(-79.9348985 40.4384205","-79.9347991 40.4385507","-79.9347889 40.4385881)","","","","","","","","","","","","","","","","","","","","","","","","","","","","","","","","","","","","","","","","","","","","","","","","","","","","","","","","","","","","","","","",1,32,80,80
127,302967361,302967376,107.432823181,0,0,5,5,1,"LINESTRING(-79.9413277 40.4431185","-79.941362 40.4432035","-79.9413706 40.4432949","-79.9413706 40.4433537","-79.9413535 40.4434255","-79.9413191 40.4434909","-79.9412762 40.4435497","-79.9412247 40.4436019","-79.9411646 40.4436411","-79.9411217 40.4436607","-79.9410445 40.4436868","-79.9409672 40.443713","-79.9408986 40.443726","-79.9408299 40.443726","-79.9407612 40.443726","-79.9406943 40.4437672)","","","","","","","","","","","","","","","","","","","","","","","","","","","","","","","","","","","","","","","","","","","","","","","","","","",1,414,379,379
30,270187342,105681731,607.922851562,1,1,2,2,1,"LINESTRING(-79.940574 40.436599","-79.9393837 40.4366405","-79.9386289 40.4366814","-79.9383478 40.4365145","-79.9379275 40.4357301","-79.9376974 40.435318","-79.9374256 40.4351699","-79.9371494 40.4351445","-79.9368732 40.4352852","-79.936498 40.4356458","-79.936177 40.4356947","-79.9358972 40.43558","-79.9351739 40.4350738)","","","","","","","","","","","","","","","","","","","","","","","","","","","","","","","","","","","","","","","","","","","","","","","","","","","","","",1,42,16,16
134,302967460,302967459,25.0510482788,0,0,5,5,1,"LINESTRING(-79.9413792 40.4429814","-79.9414597 40.4427646)","","","","","","","","","","","","","","","","","","","","","","","","","","","","","","","","","","","","","","","","","","","","","","","","","","","","","","","","","","","","","","","","",1,74,90,90
259,3637887708,303599694,71.0469207764,0,0,5,5,1,"LINESTRING(-79.9368952 40.4418959","-79.9374951 40.4416647","-79.9374552 40.4415959","-79.9375175 40.4415746)","","","","","","","","","","","","","","","","","","","","","","","","","","","","","","","","","","","","","","","","","","","","","","","","","","","","","","","","","","","","","","",1,262,642,642
303,4961818950,302756093,64.5044631958,0,0,5,5,1,"LINESTRING(-79.9431325 40.4438908","-79.942401 40.4437277)","","","","","","","","","","","","","","","","","","","","","","","","","","","","","","","","","","","","","","","","","","","","","","","","","","","","","","","","","","","","","","","","",1,24,52,52
312,1782739734,302755745,23.2713508606,0,0,5,5,1,"LINESTRING(-79.9414856 40.4439503","-79.9412225 40.4438894)","","","","","","","","","","","","","","","","","","","","","","","","","","","","","","","","","","","","","","","","","","","","","","","","","","","","","","","","","","","","","","","","",1,234,79,79
201,302984522,302985823,75.1029968262,0,0,5,5,1,"LINESTRING(-79.9356044 40.4341034","-79.9356644 40.4341557","-79.9357503 40.4342079","-79.9358619 40.4342537","-79.9359707 40.4343131","-79.9360593 40.4343582","-79.9361537 40.4344235","-79.9362807 40.4344547","-79.9363386 40.434457)","","","","","","","","","","","","","","","","","","","","","","","","","","","","","","","","","","","","","","","","","","","","","","","","","","","","","","","","","",1,46,71,71
56,1781186412,472546699,6.61692905426,1,1,2,2,1,"LINESTRING(-79.9407609 40.4415823","-79.940685 40.441568)","","","","","","","","","","","","","","","","","","","","","","","","","","","","","","","","","","","","","","","","","","","","","","","","","","","","","","","","","","","","","","","","",1,1166,1306,1306
217,105058010,270186904,94.80418396,2,2,2,2,1,"LINESTRING(-79.9435123 40.4396882","-79.9433303 40.4398799","-79.9432568 40.4399458","-79.9431756 40.4399984","-79.9430593 40.4400594","-79.942943 40.4401087","-79.9428047 40.4401454","-79.9427005 40.440163","-79.9426392 40.4401684)","","","","","","","","","","","","","","","","","","","","","","","","","","","","","","","","","","","","","","","","","","","","","","","","","","","","","","","","","",1,30,129,129
294,2726467783,4388097840,334.05456543,0,0,5,5,1,"LINESTRING(-79.9426087 40.4402584","-79.9427133 40.4402541","-79.9428827 40.4402194","-79.9431009 40.4401475","-79.9432767 40.4400558","-79.9434461 40.439917","-79.9437848 40.4395997","-79.9441886 40.4391783","-79.9443156 40.4390767","-79.9444817 40.4389949","-79.944713 40.438928","-79.9454197 40.4387842","-79.9456607 40.4387594","-79.9458007 40.4387693)","","","","","","","","","","","","","","","","","","","","","","","","","","","","","","","","","","","","","","","","","","","","","","","","","","","","",1,243,84,84
227,3103583474,3103583477,45.9106178284,1,1,2,2,1,"LINESTRING(-79.9352971 40.4387175","-79.9350598 40.4386272","-79.9349471 40.4386001","-79.9347889 40.4385881)","","","","","","","","","","","","","","","","","","","","","","","","","","","","","","","","","","","","","","","","","","","","","","","","","","","","","","","","","","","","","","",1,774,753.166666666667,753.166666666667
302,302450472,302450446,56.6329917908,0,0,5,5,1,"LINESTRING(-79.9423634 40.4404353","-79.942605 40.4404494","-79.942902 40.4404738","-79.9430157 40.4404288)","","","","","","","","","","","","","","","","","","","","","","","","","","","","","","","","","","","","","","","","","","","","","","","","","","","","","","","","","","","","","","",1,52,1,1
53,1713340583,104683089,25.7962665558,1,1,2,2,1,"LINESTRING(-79.9418579 40.441825","-79.9416957 40.4417904","-79.9415669 40.4417563)","","","","","","","","","","","","","","","","","","","","","","","","","","","","","","","","","","","","","","","","","","","","","","","","","","","","","","","","","","","","","","","",1,827.333333333333,84,84
155,472546497,3527087235,205.878341675,0,0,5,5,1,"LINESTRING(-79.9407688 40.440137","-79.940697 40.4400891","-79.9405329 40.4400403","-79.9403255 40.4398752","-79.939671 40.4397532","-79.9393372 40.4395939","-79.9389261 40.4396082","-79.938547 40.4395752)","","","","","","","","","","","","","","","","","","","","","","","","","","","","","","","","","","","","","","","","","","","","","","","","","","","","","","","","","","",1,79,96,96
231,3643294733,3643294767,4.86305999756,1,1,2,2,1,"LINESTRING(-79.9343101 40.438185","-79.9343484 40.4381524)","","","","","","","","","","","","","","","","","","","","","","","","","","","","","","","","","","","","","","","","","","","","","","","","","","","","","","","","","","","","","","","","",1,127,148,148
102,302756791,302757103,103.41342926,0,0,5,5,1,"LINESTRING(-79.9428269 40.441115","-79.9427839 40.4411281","-79.9427647 40.4411678","-79.942741 40.441213","-79.9427153 40.4413436","-79.942681 40.4414677","-79.942578 40.4417682","-79.9425179 40.4417813","-79.9424492 40.4417682","-79.9423805 40.4417421","-79.9422861 40.4417225)","","","","","","","","","","","","","","","","","","","","","","","","","","","","","","","","","","","","","","","","","","","","","","","","","","","","","","","",1,9,587,587
124,302967354,302967451,9.61615371704,0,0,5,5,1,"LINESTRING(-79.9412767 40.442634","-79.9412457 40.4427172)","","","","","","","","","","","","","","","","","","","","","","","","","","","","","","","","","","","","","","","","","","","","","","","","","","","","","","","","","","","","","","","","",1,68,82,82
63,1781186438,302757341,14.7165021896,1,1,2,2,1,"LINESTRING(-79.9393456 40.4419097","-79.9391931 40.4419733)","","","","","","","","","","","","","","","","","","","","","","","","","","","","","","","","","","","","","","","","","","","","","","","","","","","","","","","","","","","","","","","","",1,2013,1921,1921
40,104857368,105958952,70.5328979492,1,1,2,2,1,"LINESTRING(-79.9339051 40.4370074","-79.9330877 40.4371311)","","","","","","","","","","","","","","","","","","","","","","","","","","","","","","","","","","","","","","","","","","","","","","","","","","","","","","","","","","","","","","","","",1,106,201,201
313,302755745,302967376,46.718006134,0,0,5,5,1,"LINESTRING(-79.9412225 40.4438894","-79.9406943 40.4437672)","","","","","","","","","","","","","","","","","","","","","","","","","","","","","","","","","","","","","","","","","","","","","","","","","","","","","","","","","","","","","","","","",1,380,234,234
316,4961818971,4961818972,99.7244567871,0,0,5,5,1,"LINESTRING(-79.9406648 40.4437599","-79.9395322 40.4435122)","","","","","","","","","","","","","","","","","","","","","","","","","","","","","","","","","","","","","","","","","","","","","","","","","","","","","","","","","","","","","","","","",1,1026,924,924
95,1707758893,4961818953,6.35144805908,0,0,5,5,1,"LINESTRING(-79.9426748 40.4429513","-79.9426699 40.4430083)","","","","","","","","","","","","","","","","","","","","","","","","","","","","","","","","","","","","","","","","","","","","","","","","","","","","","","","","","","","","","","","","",1,209,156,156
108,1713340598,302757191,2.59991025925,0,0,5,5,1,"LINESTRING(-79.9419257 40.4419419","-79.9419256 40.4419653)","","","","","","","","","","","","","","","","","","","","","","","","","","","","","","","","","","","","","","","","","","","","","","","","","","","","","","","","","","","","","","","","",1,224,901.333333333333,901.333333333333
161,302757191,1713340599,2.52070641518,0,0,5,5,1,"LINESTRING(-79.9419256 40.4419653","-79.9419174 40.4419871)","","","","","","","","","","","","","","","","","","","","","","","","","","","","","","","","","","","","","","","","","","","","","","","","","","","","","","","","","","","","","","","","",1,72,92,92
33,104949802,105060263,102.394218445,1,1,2,2,1,"LINESTRING(-79.9340311 40.4427173","-79.9329246 40.4430899)","","","","","","","","","","","","","","","","","","","","","","","","","","","","","","","","","","","","","","","","","","","","","","","","","","","","","","","","","","","","","","","","",1,22,93,93
220,104857358,105013041,90.9756622314,2,2,2,2,1,"LINESTRING(-79.9340787 40.4376995","-79.9333504 40.437705","-79.9331921 40.4377295","-79.9330303 40.4377979)","","","","","","","","","","","","","","","","","","","","","","","","","","","","","","","","","","","","","","","","","","","","","","","","","","","","","","","","","","","","","","",1,785,446,446
160,1713340600,1713340581,6.26932477951,0,0,5,5,1,"LINESTRING(-79.9416639 40.4426596","-79.9416435 40.4427138)","","","","","","","","","","","","","","","","","","","","","","","","","","","","","","","","","","","","","","","","","","","","","","","","","","","","","","","","","","","","","","","","",1,92,80,80
304,4961818951,2919123583,3.94067263603,0,0,5,5,1,"LINESTRING(-79.9434287 40.4431784","-79.943417 40.4432127)","","","","","","","","","","","","","","","","","","","","","","","","","","","","","","","","","","","","","","","","","","","","","","","","","","","","","","","","","","","","","","","","",1,4,24,24
98,302756806,302756874,51.2717399597,0,0,5,5,1,"LINESTRING(-79.9432916 40.4412093","-79.9434387 40.440762)","","","","","","","","","","","","","","","","","","","","","","","","","","","","","","","","","","","","","","","","","","","","","","","","","","","","","","","","","","","","","","","","",1,161.666666666667,140,140
164,1713340588,1713340582,58.070766449,0,0,5,5,1,"LINESTRING(-79.9418854 40.4420719","-79.9416962 40.4425739)","","","","","","","","","","","","","","","","","","","","","","","","","","","","","","","","","","","","","","","","","","","","","","","","","","","","","","","","","","","","","","","","",1,82,96,96
234,924785117,3103583474,65.3304748535,1,1,2,2,1,"LINESTRING(-79.9359238 40.439047","-79.9358951 40.439011","-79.9358665 40.4389778","-79.9357459 40.4389176","-79.9355224 40.4388183","-79.9353979 40.4387656","-79.9352971 40.4387175)","","","","","","","","","","","","","","","","","","","","","","","","","","","","","","","","","","","","","","","","","","","","","","","","","","","","","","","","","","","",1,204,25,25
208,3192430401,107685511,110.70790863,1,1,2,2,1,"LINESTRING(-79.9399056 40.4405881","-79.9392445 40.4404927","-79.9389563 40.4403006","-79.9387515 40.4401886)","","","","","","","","","","","","","","","","","","","","","","","","","","","","","","","","","","","","","","","","","","","","","","","","","","","","","","","","","","","","","","",1,9,16,16
125,302967451,302967357,25.2360095978,0,0,5,5,1,"LINESTRING(-79.9412457 40.4427172","-79.9411646 40.4429356)","","","","","","","","","","","","","","","","","","","","","","","","","","","","","","","","","","","","","","","","","","","","","","","","","","","","","","","","","","","","","","","","",1,363,68,68
193,106313696,1783643324,10.8247060776,0,0,5,5,1,"LINESTRING(-79.9395563 40.4418205","-79.9396177 40.4419059)","","","","","","","","","","","","","","","","","","","","","","","","","","","","","","","","","","","","","","","","","","","","","","","","","","","","","","","","","","","","","","","","",1,44,217,217
210,2726467783,270186904,10.335310936,0,0,5,5,1,"LINESTRING(-79.9426087 40.4402584","-79.9426392 40.4401684)","","","","","","","","","","","","","","","","","","","","","","","","","","","","","","","","","","","","","","","","","","","","","","","","","","","","","","","","","","","","","","","","",1,9,20,20
114,302756791,302759445,51.6639060974,0,0,5,5,1,"LINESTRING(-79.9428269 40.441115","-79.9429814 40.4406655)","","","","","","","","","","","","","","","","","","","","","","","","","","","","","","","","","","","","","","","","","","","","","","","","","","","","","","","","","","","","","","","","",1,137,240,240
255,3527071109,3527071112,45.8409538269,0,0,5,5,1,"LINESTRING(-79.9439458 40.4392559","-79.9438244 40.4391789","-79.9437164 40.4390846","-79.9436488 40.4390522","-79.9435309 40.4389956)","","","","","","","","","","","","","","","","","","","","","","","","","","","","","","","","","","","","","","","","","","","","","","","","","","","","","","","","","","","","","",1,56,18,18
0,104382834,104382840,38.1127090454,1,1,2,2,1,"LINESTRING(-79.9373152 40.4394007","-79.9371968 40.4397314)","","","","","","","","","","","","","","","","","","","","","","","","","","","","","","","","","","","","","","","","","","","","","","","","","","","","","","","","","","","","","","","","",1,642,758,758
181,1781186425,1781186413,16.4421806335,0,0,5,5,1,"LINESTRING(-79.9401961 40.4417248","-79.9401028 40.4415951)","","","","","","","","","","","","","","","","","","","","","","","","","","","","","","","","","","","","","","","","","","","","","","","","","","","","","","","","","","","","","","","","",1,642,47,47
8,104836312,104836324,194.889358521,1,1,2,2,1,"LINESTRING(-79.9348697 40.4397215","-79.9327476 40.4404022)","","","","","","","","","","","","","","","","","","","","","","","","","","","","","","","","","","","","","","","","","","","","","","","","","","","","","","","","","","","","","","","","",1,642,5,5
277,302984579,302984603,376.975799561,0,0,5,5,1,"LINESTRING(-79.9430115 40.4358346","-79.9431489 40.4358346","-79.9433291 40.4358346","-79.9434665 40.4358412","-79.9436209 40.4358542","-79.943784 40.4359065","-79.9439385 40.4359718","-79.9441016 40.4360437","-79.9442818 40.4361351","-79.9444278 40.4362397","-79.9445393 40.4363115","-79.9447024 40.4364226","-79.9448912 40.4365532","-79.9452861 40.4368734","-79.9456208 40.4371608","-79.9457839 40.4373502","-79.945844 40.4374678","-79.945844 40.437592","-79.945801 40.4376965","-79.9456723 40.4377945","-79.9455865 40.4378794","-79.9455607 40.4379447)","","","","","","","","","","","","","","","","","","","","","","","","","","","","","","","","","","","","","","","","","","","","",1,642,224,224
65,106313719,105012956,80.1163330078,1,1,2,2,1,"LINESTRING(-79.9384198 40.4423063","-79.9376024 40.4426698)","","","","","","","","","","","","","","","","","","","","","","","","","","","","","","","","","","","","","","","","","","","","","","","","","","","","","","","","","","","","","","","","",1,642,1850,1850
156,4961818966,1782739734,24.6854629517,1,1,2,2,1,"LINESTRING(-79.9415673 40.4437372","-79.9414999 40.4439156","-79.9414856 40.4439503)","","","","","","","","","","","","","","","","","","","","","","","","","","","","","","","","","","","","","","","","","","","","","","","","","","","","","","","","","","","","","","","",1,642,79,79
9,104857358,104857368,78.34790802,1,1,2,2,1,"LINESTRING(-79.9340787 40.4376995","-79.9339051 40.4370074)","","","","","","","","","","","","","","","","","","","","","","","","","","","","","","","","","","","","","","","","","","","","","","","","","","","","","","","","","","","","","","","","",1,642,10.8333333333333,10.8333333333333
100,302755937,302757135,17.9143695831,0,0,5,5,1,"LINESTRING(-79.9429728 40.4421144","-79.9430375 40.441961)","","","","","","","","","","","","","","","","","","","","","","","","","","","","","","","","","","","","","","","","","","","","","","","","","","","","","","","","","","","","","","","","",1,642,88.3333333333333,88.3333333333333
267,3643294766,3643294763,29.8269252777,1,1,2,2,1,"LINESTRING(-79.9339972 40.4379576","-79.9341814 40.4379521","-79.9342791 40.4380562)","","","","","","","","","","","","","","","","","","","","","","","","","","","","","","","","","","","","","","","","","","","","","","","","","","","","","","","","","","","","","","","",1,642,34,34
204,4846860755,303189712,95.2144927979,0,0,5,5,1,"LINESTRING(-79.9422317 40.4391772","-79.9423718 40.4391624","-79.9426236 40.4391726","-79.9428156 40.4391902","-79.9430241 40.439195","-79.9431442 40.4392146","-79.9432215 40.4392538","-79.9433054 40.4393123)","","","","","","","","","","","","","","","","","","","","","","","","","","","","","","","","","","","","","","","","","","","","","","","","","","","","","","","","","","",1,642,260,260
150,104949824,105060288,104.046401978,2,2,2,2,1,"LINESTRING(-79.9322551 40.4394792","-79.9311225 40.4398432)","","","","","","","","","","","","","","","","","","","","","","","","","","","","","","","","","","","","","","","","","","","","","","","","","","","","","","","","","","","","","","","","",1,642,876,876
186,1781186440,1781186425,52.6022071838,0,0,5,5,1,"LINESTRING(-79.9396509 40.441952","-79.9401961 40.4417248)","","","","","","","","","","","","","","","","","","","","","","","","","","","","","","","","","","","","","","","","","","","","","","","","","","","","","","","","","","","","","","","","",1,642,221,221
306,4961818953,2919123584,4.38350296021,0,0,5,5,1,"LINESTRING(-79.9426699 40.4430083","-79.9426561 40.4430463)","","","","","","","","","","","","","","","","","","","","","","","","","","","","","","","","","","","","","","","","","","","","","","","","","","","","","","","","","","","","","","","","",1,642,139,139
52,302757190,1713340583,8.47320842743,1,1,2,2,1,"LINESTRING(-79.9419543 40.4418456","-79.9418579 40.441825)","","","","","","","","","","","","","","","","","","","","","","","","","","","","","","","","","","","","","","","","","","","","","","","","","","","","","","","","","","","","","","","","",1,642,60,60
202,302985823,302984563,420.825836182,0,0,5,5,1,"LINESTRING(-79.9363386 40.434457","-79.9364077 40.4344407","-79.9365227 40.4343974","-79.9366425 40.4343595","-79.9367665 40.4343061","-79.9369088 40.4342845","-79.9370877 40.4342713","-79.9373092 40.4343053","-79.9375511 40.4343549","-79.9378134 40.4344276","-79.9380837 40.4345142","-79.9382728 40.4345993","-79.9384394 40.4346713","-79.9386132 40.4347502","-79.9387769 40.4348066","-79.9389432 40.4348351","-79.9390859 40.4348523","-79.9392342 40.4348492","-79.9393786 40.4348507","-79.939531 40.4348817","-79.9396556 40.434907","-79.9398186 40.4349462","-79.939956 40.4349984","-79.9401002 40.4350395","-79.9402293 40.4350604","-79.9404234 40.4350983","-79.9405647 40.4351424","-79.9407029 40.4351834","-79.940832 40.4352298","-79.9409859 40.4353055)","","","","","","","","","","","","","","","","","","","","","","","","","","","","","","","","","","","","",1,642,46,46
68,104692909,104523055,56.6059608459,1,1,2,2,1,"LINESTRING(-79.9353004 40.4435532","-79.9355861 40.4440135)","","","","","","","","","","","","","","","","","","","","","","","","","","","","","","","","","","","","","","","","","","","","","","","","","","","","","","","","","","","","","","","","",1,642,58,58
250,3192430394,3382338910,87.767074585,1,1,2,2,1,"LINESTRING(-79.9398801 40.441235","-79.9397972 40.4411965","-79.9397419 40.4411965","-79.9393465 40.4413741","-79.9389807 40.4415396)","","","","","","","","","","","","","","","","","","","","","","","","","","","","","","","","","","","","","","","","","","","","","","","","","","","","","","","","","","","","","",1,642,206,206
27,105058025,105142357,70.4600448608,1,1,2,2,1,"LINESTRING(-79.9371006 40.4399776","-79.9369419 40.4402648","-79.9367918 40.4403657","-79.9365934 40.4404431)","","","","","","","","","","","","","","","","","","","","","","","","","","","","","","","","","","","","","","","","","","","","","","","","","","","","","","","","","","","","","","",1,642,68,68
162,1713340599,1713340588,9.81054210663,0,0,5,5,1,"LINESTRING(-79.9419174 40.4419871","-79.9418854 40.4420719)","","","","","","","","","","","","","","","","","","","","","","","","","","","","","","","","","","","","","","","","","","","","","","","","","","","","","","","","","","","","","","","","",1,642,72,72
109,302757191,302757192,88.823425293,0,0,5,5,1,"LINESTRING(-79.9419256 40.4419653","-79.942934 40.4421869)","","","","","","","","","","","","","","","","","","","","","","","","","","","","","","","","","","","","","","","","","","","","","","","","","","","","","","","","","","","","","","","","",1,642,224,224
235,302450472,4388097867,9.18370628357,0,0,5,5,1,"LINESTRING(-79.9423634 40.4404353","-79.9423323 40.4404002","-79.9423203 40.440361)","","","","","","","","","","","","","","","","","","","","","","","","","","","","","","","","","","","","","","","","","","","","","","","","","","","","","","","","","","","","","","","",1,642,204,204
238,3192430394,2716677222,44.7211761475,1,1,2,2,1,"LINESTRING(-79.9398801 40.441235","-79.9402276 40.441538)","","","","","","","","","","","","","","","","","","","","","","","","","","","","","","","","","","","","","","","","","","","","","","","","","","","","","","","","","","","","","","","","",1,642,66,66
75,4388097861,302450472,23.0450134277,0,0,5,5,1,"LINESTRING(-79.9425153 40.4402633","-79.9424492 40.4403376","-79.9423634 40.4404353)","","","","","","","","","","","","","","","","","","","","","","","","","","","","","","","","","","","","","","","","","","","","","","","","","","","","","","","","","","","","","","","",1,642,260,260
170,302757342,302966877,62.4417381287,0,0,5,5,1,"LINESTRING(-79.9398304 40.4423195","-79.9405381 40.4424784)","","","","","","","","","","","","","","","","","","","","","","","","","","","","","","","","","","","","","","","","","","","","","","","","","","","","","","","","","","","","","","","","",1,642,25,25
292,3957587006,3957587000,15.0531587601,0,0,5,5,1,"LINESTRING(-79.9418971 40.4354333","-79.9420079 40.4355392)","","","","","","","","","","","","","","","","","","","","","","","","","","","","","","","","","","","","","","","","","","","","","","","","","","","","","","","","","","","","","","","","",1,642,48,48
206,104787343,2726467781,30.312915802,1,1,2,2,1,"LINESTRING(-79.9317688 40.4434408","-79.9314184 40.4434974)","","","","","","","","","","","","","","","","","","","","","","","","","","","","","","","","","","","","","","","","","","","","","","","","","","","","","","","","","","","","","","","","",1,642,45,45
45,302450468,302450457,16.0785751343,1,1,2,2,1,"LINESTRING(-79.9433456 40.4395394","-79.9432818 40.4394032)","","","","","","","","","","","","","","","","","","","","","","","","","","","","","","","","","","","","","","","","","","","","","","","","","","","","","","","","","","","","","","","","",1,642,115,115
276,302984577,302984579,14.541844368,0,0,5,5,1,"LINESTRING(-79.9428399 40.4358412","-79.9430115 40.4358346)","","","","","","","","","","","","","","","","","","","","","","","","","","","","","","","","","","","","","","","","","","","","","","","","","","","","","","","","","","","","","","","","",1,642,104,104
43,105013029,105982502,909.977172852,1,1,2,2,1,"LINESTRING(-79.9335587 40.4382944","-79.9307545 40.4389093","-79.9277268 40.4395432","-79.9262992 40.439612","-79.9258003 40.4396353","-79.9253622 40.4396591","-79.9241357 40.4397384","-79.9230436 40.4397817)","","","","","","","","","","","","","","","","","","","","","","","","","","","","","","","","","","","","","","","","","","","","","","","","","","","","","","","","","","",1,642,1,1
113,1781186439,302757343,12.6571102142,0,0,5,5,1,"LINESTRING(-79.939565 40.4419483","-79.9395438 40.4419215","-79.9394889 40.4418503)","","","","","","","","","","","","","","","","","","","","","","","","","","","","","","","","","","","","","","","","","","","","","","","","","","","","","","","","","","","","","","","",1,642,805,805
38,105060275,2716457497,103.201217651,1,1,2,2,1,"LINESTRING(-79.9321257 40.4416786","-79.9309898 40.4420163)","","","","","","","","","","","","","","","","","","","","","","","","","","","","","","","","","","","","","","","","","","","","","","","","","","","","","","","","","","","","","","","","",1,642,604.666666666667,604.666666666667
194,1783643324,1783643325,3.18281126022,0,0,5,5,1,"LINESTRING(-79.9396177 40.4419059","-79.9396358 40.441931)","","","","","","","","","","","","","","","","","","","","","","","","","","","","","","","","","","","","","","","","","","","","","","","","","","","","","","","","","","","","","","","","",1,642,44,44
245,105012997,104836312,90.7108612061,4,4,2,2,1,"LINESTRING(-79.9354946 40.4403843","-79.9348697 40.4397215)","","","","","","","","","","","","","","","","","","","","","","","","","","","","","","","","","","","","","","","","","","","","","","","","","","","","","","","","","","","","","","","","",1,642,1397,1397
298,2713700273,2173707922,356.328857422,0,0,5,5,1,"LINESTRING(-79.9430811 40.4379802","-79.9429983 40.4378205","-79.9431402 40.4376432","-79.9433876 40.4373248","-79.9435659 40.4371447","-79.9436205 40.4370256","-79.9435041 40.4369758","-79.9432524 40.4368746","-79.9429343 40.4369234","-79.9426515 40.4370091","-79.9425145 40.4371352","-79.9422539 40.4372731","-79.942086 40.4374395","-79.941949 40.4376749","-79.941896 40.4377523","-79.9417988 40.4377708","-79.9416773 40.4377119","-79.9416022 40.4376615","-79.9415225 40.4376021)","","","","","","","","","","","","","","","","","","","","","","","","","","","","","","","","","","","","","","","","","","","","","","","",1,642,191.666666666667,191.666666666667
119,302966878,302966884,36.8143386841,0,0,5,5,1,"LINESTRING(-79.9405896 40.4423281","-79.9407012 40.4420081)","","","","","","","","","","","","","","","","","","","","","","","","","","","","","","","","","","","","","","","","","","","","","","","","","","","","","","","","","","","","","","","","",1,642,5,5
290,3527071097,3957587001,16.66837883,0,0,5,5,1,"LINESTRING(-79.9410708 40.4351911","-79.941209 40.4352979)","","","","","","","","","","","","","","","","","","","","","","","","","","","","","","","","","","","","","","","","","","","","","","","","","","","","","","","","","","","","","","","","",1,642,60,60
24,104692903,105138944,287.465698242,1,1,2,2,1,"LINESTRING(-79.9357048 40.4433248","-79.9357085 40.4432222","-79.9344431 40.440934)","","","","","","","","","","","","","","","","","","","","","","","","","","","","","","","","","","","","","","","","","","","","","","","","","","","","","","","","","","","","","","","",1,642,160,160
148,472546570,472546699,171.24887085,1,1,2,2,1,"LINESTRING(-79.9409456 40.4401601","-79.9408572 40.4403848","-79.9407603 40.4405747","-79.9407088 40.4407184","-79.9407345 40.4408033","-79.9407972 40.4408225","-79.9408315 40.4408552","-79.9408401 40.4409074","-79.9408143 40.4409335","-79.9407714 40.4409597","-79.9407457 40.4409989","-79.9407603 40.4410254","-79.9408203 40.4410907","-79.9408315 40.4411426","-79.9408118 40.4411822","-79.9407431 40.441352","-79.940685 40.441568)","","","","","","","","","","","","","","","","","","","","","","","","","","","","","","","","","","","","","","","","","","","","","","","","","",1,642,138,138
240,105796204,104382834,83.7958831787,1,1,2,2,1,"LINESTRING(-79.9381585 40.4397787","-79.937762 40.4395357","-79.9374683 40.4394397","-79.9373152 40.4394007)","","","","","","","","","","","","","","","","","","","","","","","","","","","","","","","","","","","","","","","","","","","","","","","","","","","","","","","","","","","","","","",1,642,48,48
307,2919123584,302756093,78.7835464478,0,0,5,5,1,"LINESTRING(-79.9426561 40.4430463","-79.942401 40.4437277)","","","","","","","","","","","","","","","","","","","","","","","","","","","","","","","","","","","","","","","","","","","","","","","","","","","","","","","","","","","","","","","","",1,642,58,58
135,302967459,302967355,9.70617675781,0,0,5,5,1,"LINESTRING(-79.9414597 40.4427646","-79.9414909 40.4426806)","","","","","","","","","","","","","","","","","","","","","","","","","","","","","","","","","","","","","","","","","","","","","","","","","","","","","","","","","","","","","","","","",1,642,74,74
140,302985769,302985823,539.87286377,0,0,5,5,1,"LINESTRING(-79.9406512 40.4361613","-79.9405139 40.4361743","-79.9402392 40.4362005","-79.9401362 40.4362005","-79.9400332 40.4362005","-79.9399302 40.4361874","-79.9398272 40.4361286","-79.9397586 40.4360633","-79.9398015 40.4359784","-79.9398186 40.4359196","-79.939853 40.4358477","-79.9399045 40.4357758","-79.9399474 40.4357236","-79.9399474 40.4356517","-79.9398787 40.4355864","-79.9397328 40.4355211","-79.9395526 40.4354688","-79.9393981 40.4354427","-79.9392092 40.4353904","-79.9390548 40.4353904","-79.9388917 40.4353643","-79.93872 40.4353316","-79.9385913 40.4352924","-79.9384282 40.4352467","-79.9382909 40.4351748","-79.9381449 40.4350899","-79.9380591 40.4350311","-79.9379046 40.4349854","-79.9378016 40.4349396","-79.93769 40.4348678","-79.937587 40.434809","-79.9374755 40.4347567","-79.9373467 40.4347306","-79.9372351 40.4346979","-79.9371407 40.4347044","-79.9370377 40.4346848","-79.936909 40.4346587","-79.9368232 40.4346456","-79.9367287 40.434626","-79.9366515 40.4346522","-79.9365742 40.4346979","-79.936497 40.4347502","-79.9364627 40.434809","-79.9364283 40.4348678","-79.9363854 40.4349004","-79.9363339 40.4349331","-79.9362824 40.4349135","-79.9362481 40.4348612","-79.9362395 40.4347828","-79.9362653 40.434724","-79.936291 40.4346522","-79.9363082 40.4345934","-79.9363253 40.4345281","-79.9363253 40.4344889","-79.9363386 40.434457)","","","","","","","","","","","",1,642,1,1
252,3637887708,105012969,3.54707551003,4,4,2,2,1,"LINESTRING(-79.9368952 40.4418959","-79.9368713 40.4418697)","","","","","","","","","","","","","","","","","","","","","","","","","","","","","","","","","","","","","","","","","","","","","","","","","","","","","","","","","","","","","","","","",1,642,1,1
228,3103583477,3103583478,19.1933727264,1,1,2,2,1,"LINESTRING(-79.9347889 40.4385881","-79.9345695 40.4385444)","","","","","","","","","","","","","","","","","","","","","","","","","","","","","","","","","","","","","","","","","","","","","","","","","","","","","","","","","","","","","","","","",1,642,774,774
244,105012991,105012997,22.3620491028,4,4,2,2,1,"LINESTRING(-79.9356364 40.440554","-79.9354946 40.4403843)","","","","","","","","","","","","","","","","","","","","","","","","","","","","","","","","","","","","","","","","","","","","","","","","","","","","","","","","","","","","","","","","",1,642,264,264
214,302450456,302450457,9.47547531128,0,0,5,5,1,"LINESTRING(-79.9432217 40.4394751","-79.9432818 40.4394032)","","","","","","","","","","","","","","","","","","","","","","","","","","","","","","","","","","","","","","","","","","","","","","","","","","","","","","","","","","","","","","","","",1,642,216,216
5,104692920,104692930,104.475166321,1,1,2,2,1,"LINESTRING(-79.933552 40.4442524","-79.9323987 40.4445877)","","","","","","","","","","","","","","","","","","","","","","","","","","","","","","","","","","","","","","","","","","","","","","","","","","","","","","","","","","","","","","","","",1,642,26,26
222,302755545,302756874,72.2387924194,1,1,2,2,1,"LINESTRING(-79.9442617 40.4409344","-79.9441568 40.4409135","-79.9434387 40.440762)","","","","","","","","","","","","","","","","","","","","","","","","","","","","","","","","","","","","","","","","","","","","","","","","","","","","","","","","","","","","","","","",1,642,50,50
262,3643294733,3643294731,22.0637702942,0,0,5,5,1,"LINESTRING(-79.9343101 40.438185","-79.9343953 40.4381813","-79.9345451 40.4381119)","","","","","","","","","","","","","","","","","","","","","","","","","","","","","","","","","","","","","","","","","","","","","","","","","","","","","","","","","","","","","","","",1,642,219,219
197,104683082,3192430397,8.16112327576,1,1,2,2,1,"LINESTRING(-79.942126 40.4404288","-79.9420966 40.4404987)","","","","","","","","","","","","","","","","","","","","","","","","","","","","","","","","","","","","","","","","","","","","","","","","","","","","","","","","","","","","","","","","",1,642,1454,1454
21,105060263,105060275,170.873092651,1,1,2,2,1,"LINESTRING(-79.9329246 40.4430899","-79.9321257 40.4416786)","","","","","","","","","","","","","","","","","","","","","","","","","","","","","","","","","","","","","","","","","","","","","","","","","","","","","","","","","","","","","","","","",1,642,103,103
19,105058025,105058029,126.076332092,1,1,2,2,1,"LINESTRING(-79.9371006 40.4399776","-79.9361526 40.4397607","-79.9356729 40.4396538)","","","","","","","","","","","","","","","","","","","","","","","","","","","","","","","","","","","","","","","","","","","","","","","","","","","","","","","","","","","","","","","",1,642,120,120
142,303189638,303189650,121.133468628,0,0,5,5,1,"LINESTRING(-79.9411015 40.438496","-79.9413675 40.4386528","-79.9415306 40.4387704","-79.9416336 40.4388684","-79.941728 40.4389729","-79.9418224 40.4390448","-79.9419598 40.4391232","-79.9420799 40.4391624","-79.9421773 40.4391873)","","","","","","","","","","","","","","","","","","","","","","","","","","","","","","","","","","","","","","","","","","","","","","","","","","","","","","","","","",1,642,264,264
225,302452323,3192430398,7.9903717041,1,1,2,2,1,"LINESTRING(-79.9423451 40.440493","-79.9422576 40.440466)","","","","","","","","","","","","","","","","","","","","","","","","","","","","","","","","","","","","","","","","","","","","","","","","","","","","","","","","","","","","","","","","",1,642,359.333333333333,359.333333333333
169,302755874,302757342,14.099729538,0,0,5,5,1,"LINESTRING(-79.9396708 40.4422831","-79.9398304 40.4423195)","","","","","","","","","","","","","","","","","","","","","","","","","","","","","","","","","","","","","","","","","","","","","","","","","","","","","","","","","","","","","","","","",1,642,672,672
174,1713340581,1707758893,91.1821289062,0,0,5,5,1,"LINESTRING(-79.9416435 40.4427138","-79.9426748 40.4429513)","","","","","","","","","","","","","","","","","","","","","","","","","","","","","","","","","","","","","","","","","","","","","","","","","","","","","","","","","","","","","","","","",1,642,294,294
237,4388097861,2726467783,7.92354345322,0,0,5,5,1,"LINESTRING(-79.9425153 40.4402633","-79.9426087 40.4402584)","","","","","","","","","","","","","","","","","","","","","","","","","","","","","","","","","","","","","","","","","","","","","","","","","","","","","","","","","","","","","","","","",1,642,82.5,82.5
85,104583190,302755847,59.671043396,0,0,5,5,1,"LINESTRING(-79.9388213 40.4439138","-79.9390274 40.4434006)","","","","","","","","","","","","","","","","","","","","","","","","","","","","","","","","","","","","","","","","","","","","","","","","","","","","","","","","","","","","","","","","",1,642,188,188
145,3704985095,3527071102,3.96234059334,0,0,5,5,1,"LINESTRING(-79.9430527 40.4357806","-79.9430873 40.4357566)","","","","","","","","","","","","","","","","","","","","","","","","","","","","","","","","","","","","","","","","","","","","","","","","","","","","","","","","","","","","","","","","",1,642,30,30
172,302967354,302967355,18.8532028198,0,0,5,5,1,"LINESTRING(-79.9412767 40.442634","-79.9414909 40.4426806)","","","","","","","","","","","","","","","","","","","","","","","","","","","","","","","","","","","","","","","","","","","","","","","","","","","","","","","","","","","","","","","","",1,642,509,509
287,3527071098,3957586996,46.5827560425,0,0,5,5,1,"LINESTRING(-79.9413107 40.4353126","-79.9414906 40.4353714","-79.9417142 40.4354008","-79.9418412 40.4353907)","","","","","","","","","","","","","","","","","","","","","","","","","","","","","","","","","","","","","","","","","","","","","","","","","","","","","","","","","","","","","","",1,642,88,88
49,302985526,2173707922,569.387878418,1,1,2,2,1,"LINESTRING(-79.9438358 40.4386092","-79.9439136 40.4384318","-79.9439471 40.4382773","-79.9439903 40.4382018","-79.9440713 40.4381124","-79.9441837 40.438018","-79.9446619 40.4376727","-79.9447992 40.4375538","-79.94484 40.4373942","-79.9447901 40.4372509","-79.9446676 40.4370957","-79.9445262 40.4369189","-79.9443929 40.4368","-79.9441483 40.4366023","-79.9438742 40.436431","-79.9436961 40.4363524","-79.9434721 40.4363244","-79.9432522 40.4363281","-79.9429998 40.4363736","-79.9428064 40.4364306","-79.9425856 40.436512","-79.9424244 40.4366135","-79.9422359 40.4368175","-79.9418392 40.4372747","-79.9415225 40.4376021)","","","","","","","","","","","","","","","","","","","","","","","","","","","","","","","","","","","","","","","","","",1,642,394,394
270,3643294763,3643294767,12.1990938187,1,1,2,2,1,"LINESTRING(-79.9342791 40.4380562","-79.9343484 40.4381524)","","","","","","","","","","","","","","","","","","","","","","","","","","","","","","","","","","","","","","","","","","","","","","","","","","","","","","","","","","","","","","","","",1,642,207,207
81,1705902930,302755597,32.4910163879,0,0,5,5,1,"LINESTRING(-79.943503 40.4427383","-79.9434963 40.4427546","-79.9434792 40.4428591","-79.9434792 40.4430289)","","","","","","","","","","","","","","","","","","","","","","","","","","","","","","","","","","","","","","","","","","","","","","","","","","","","","","","","","","","","","","",1,642,68,68
293,302984563,3957586982,150.141769409,0,0,5,5,1,"LINESTRING(-79.9409859 40.4353055","-79.9410889 40.4353643","-79.9411576 40.43541","-79.9413378 40.4354819","-79.9415009 40.4355211","-79.9417327 40.4355799","-79.9419387 40.4356386","-79.9420932 40.4356778","-79.9422477 40.435717","-79.9424365 40.4357628","-79.9425481 40.4357889","-79.9426198 40.4358046)","","","","","","","","","","","","","","","","","","","","","","","","","","","","","","","","","","","","","","","","","","","","","","","","","","","","","","",1,642,78,78
198,3192430397,104683089,146.868377686,1,1,2,2,1,"LINESTRING(-79.9420966 40.4404987","-79.9415978 40.4416643","-79.9415669 40.4417563)","","","","","","","","","","","","","","","","","","","","","","","","","","","","","","","","","","","","","","","","","","","","","","","","","","","","","","","","","","","","","","","",1,642,628,628
46,302450457,303189712,10.3029947281,1,1,2,2,1,"LINESTRING(-79.9432818 40.4394032","-79.9433054 40.4393123)","","","","","","","","","","","","","","","","","","","","","","","","","","","","","","","","","","","","","","","","","","","","","","","","","","","","","","","","","","","","","","","","",1,642,30,30
308,302756093,302755949,3.28865528107,0,0,5,5,1,"LINESTRING(-79.942401 40.4437277","-79.9423902 40.4437561)","","","","","","","","","","","","","","","","","","","","","","","","","","","","","","","","","","","","","","","","","","","","","","","","","","","","","","","","","","","","","","","","",1,642,265,265
182,1781186439,1781186442,14.0488204956,0,0,5,5,1,"LINESTRING(-79.939565 40.4419483","-79.9394182 40.4420073)","","","","","","","","","","","","","","","","","","","","","","","","","","","","","","","","","","","","","","","","","","","","","","","","","","","","","","","","","","","","","","","","",1,642,179,179
107,302757190,1713340598,10.9780673981,0,0,5,5,1,"LINESTRING(-79.9419543 40.4418456","-79.9419257 40.4419419)","","","","","","","","","","","","","","","","","","","","","","","","","","","","","","","","","","","","","","","","","","","","","","","","","","","","","","","","","","","","","","","","",1,642,653,653
93,302757192,1707758890,80.5305633545,0,0,5,5,1,"LINESTRING(-79.942934 40.4421869","-79.9429127 40.4422647","-79.9429041 40.4423888","-79.9428869 40.4425194","-79.9428269 40.4426762","-79.9426988 40.44288)","","","","","","","","","","","","","","","","","","","","","","","","","","","","","","","","","","","","","","","","","","","","","","","","","","","","","","","","","","","","",1,642,547,547
190,1781186421,1781186424,11.9399776459,0,0,5,5,1,"LINESTRING(-79.9405947 40.4416516","-79.9404709 40.4417031)","","","","","","","","","","","","","","","","","","","","","","","","","","","","","","","","","","","","","","","","","","","","","","","","","","","","","","","","","","","","","","","","",1,642,67,67
51,1704726244,302757190,6.43882513046,1,1,2,2,1,"LINESTRING(-79.9420271 40.4418624","-79.9419543 40.4418456)","","","","","","","","","","","","","","","","","","","","","","","","","","","","","","","","","","","","","","","","","","","","","","","","","","","","","","","","","","","","","","","","",1,642,40,40
6,104692930,104692975,664.280395508,1,1,2,2,1,"LINESTRING(-79.9323987 40.4445877","-79.9304136 40.4451645","-79.9302637 40.4451973","-79.9294755 40.4454168","-79.9284569 40.4457037","-79.9278554 40.4458871","-79.9272439 40.44607","-79.926533 40.4462707","-79.9257448 40.4464933","-79.9250552 40.446697)","","","","","","","","","","","","","","","","","","","","","","","","","","","","","","","","","","","","","","","","","","","","","","","","","","","","","","","","",1,642,20.5,20.5
253,3527046163,3957587002,662.396118164,0,0,5,5,1,"LINESTRING(-79.9341559 40.4340607","-79.9341925 40.4341025","-79.9342898 40.4339974","-79.9343766 40.4339118","-79.9345388 40.4338011","-79.9347461 40.4336929","-79.9348633 40.4336743","-79.9349233 40.4336688","-79.9349888 40.4336809","-79.935062 40.4336853","-79.9351415 40.4337196","-79.9352526 40.43381","-79.9352501 40.4338341","-79.9354155 40.4338995","-79.9354276 40.4338979","-79.9356329 40.4340096","-79.9357426 40.4340392","-79.9358626 40.4340507","-79.9360364 40.4340912","-79.9362466 40.4340809","-79.9363478 40.4341288","-79.9365612 40.4340694","-79.9366607 40.4340892","-79.9367533 40.434098","-79.9372452 40.4341243","-79.9377529 40.4342062","-79.9379983 40.4343386","-79.9382585 40.4343595","-79.9384018 40.4343409","-79.9387027 40.4345877","-79.9388307 40.4346906","-79.9389985 40.4347184","-79.939457 40.4347194","-79.9395839 40.4347347","-79.9397191 40.4346875","-79.9399091 40.4348484","-79.9399904 40.434867","-79.9403594 40.4349265","-79.9405626 40.435","-79.9410566 40.4351308)","","","","","","","","","","","","","","","","","","","","","","","","","","",1,642,2523,2523
121,302966891,302966892,46.7785415649,1,1,2,2,1,"LINESTRING(-79.9405323 40.4419479","-79.9400488 40.4421518)","","","","","","","","","","","","","","","","","","","","","","","","","","","","","","","","","","","","","","","","","","","","","","","","","","","","","","","","","","","","","","","","",1,642,52,52
3,104692909,104692913,61.7645874023,1,1,2,2,1,"LINESTRING(-79.9353004 40.4435532","-79.9346619 40.4438223)","","","","","","","","","","","","","","","","","","","","","","","","","","","","","","","","","","","","","","","","","","","","","","","","","","","","","","","","","","","","","","","","",1,642,758,758
163,1713340582,1713340600,9.91335487366,0,0,5,5,1,"LINESTRING(-79.9416962 40.4425739","-79.9416639 40.4426596)","","","","","","","","","","","","","","","","","","","","","","","","","","","","","","","","","","","","","","","","","","","","","","","","","","","","","","","","","","","","","","","","",1,642,100,100
88,302755597,302755913,52.8747825623,0,0,5,5,1,"LINESTRING(-79.9434792 40.4430289","-79.9434191 40.4428526","-79.9433762 40.4427023","-79.9433418 40.4425652)","","","","","","","","","","","","","","","","","","","","","","","","","","","","","","","","","","","","","","","","","","","","","","","","","","","","","","","","","","","","","","",1,642,1167,1167
207,104787343,2716457497,171.567855835,1,1,2,2,1,"LINESTRING(-79.9317688 40.4434408","-79.9309898 40.4420163)","","","","","","","","","","","","","","","","","","","","","","","","","","","","","","","","","","","","","","","","","","","","","","","","","","","","","","","","","","","","","","","","",1,642,3,3
212,302450450,302450455,69.9831695557,0,0,5,5,1,"LINESTRING(-79.9426724 40.4400957","-79.9427754 40.4399911","-79.942844 40.4399062","-79.942947 40.4397886","-79.9430672 40.4396515","-79.9431444 40.4395796)","","","","","","","","","","","","","","","","","","","","","","","","","","","","","","","","","","","","","","","","","","","","","","","","","","","","","","","","","","","","",1,642,258,258
176,302755598,302757761,29.4298877716,0,0,5,5,1,"LINESTRING(-79.9434494 40.4431195","-79.9435358 40.4431364","-79.9435988 40.4431221","-79.9436471 40.4431221","-79.9436874 40.4431364","-79.9437222 40.4431629","-79.9437711 40.4431735)","","","","","","","","","","","","","","","","","","","","","","","","","","","","","","","","","","","","","","","","","","","","","","","","","","","","","","","","","","","",1,642,384,384
215,105013041,4408454718,197.007110596,4,4,2,2,1,"LINESTRING(-79.9330303 40.4377979","-79.9329239 40.4377581","-79.9327965 40.4377325","-79.9326356 40.4377295","-79.9307258 40.4378517)","","","","","","","","","","","","","","","","","","","","","","","","","","","","","","","","","","","","","","","","","","","","","","","","","","","","","","","","","","","","","",1,642,117.5,117.5
39,2716457497,472546039,35.7404594421,1,1,2,2,1,"LINESTRING(-79.9309898 40.4420163","-79.9306028 40.442145)","","","","","","","","","","","","","","","","","","","","","","","","","","","","","","","","","","","","","","","","","","","","","","","","","","","","","","","","","","","","","","","","",1,642,443.833333333333,443.833333333333
275,3957586982,302984577,19.0967483521,0,0,5,5,1,"LINESTRING(-79.9426198 40.4358046","-79.942694 40.4358216","-79.9428399 40.4358412)","","","","","","","","","","","","","","","","","","","","","","","","","","","","","","","","","","","","","","","","","","","","","","","","","","","","","","","","","","","","","","","",1,642,789,789
211,270186904,302450450,8.55787849426,0,0,5,5,1,"LINESTRING(-79.9426392 40.4401684","-79.9426724 40.4400957)","","","","","","","","","","","","","","","","","","","","","","","","","","","","","","","","","","","","","","","","","","","","","","","","","","","","","","","","","","","","","","","","",1,642,9,9
188,1781186415,1781186411,18.2722702026,0,0,5,5,1,"LINESTRING(-79.9404195 40.4416317","-79.9406089 40.4415528)","","","","","","","","","","","","","","","","","","","","","","","","","","","","","","","","","","","","","","","","","","","","","","","","","","","","","","","","","","","","","","","","",1,642,157,157
254,3527071101,3527071102,11.2873239517,0,0,5,5,1,"LINESTRING(-79.9429653 40.4357156","-79.9430873 40.4357566)","","","","","","","","","","","","","","","","","","","","","","","","","","","","","","","","","","","","","","","","","","","","","","","","","","","","","","","","","","","","","","","","",1,642,1564,1564
82,302755597,302755598,10.3848972321,0,0,5,5,1,"LINESTRING(-79.9434792 40.4430289","-79.9434494 40.4431195)","","","","","","","","","","","","","","","","","","","","","","","","","","","","","","","","","","","","","","","","","","","","","","","","","","","","","","","","","","","","","","","","",1,642,35,35
268,3643294763,3103583485,16.7549152374,1,1,2,2,1,"LINESTRING(-79.9342791 40.4380562","-79.9343817 40.4379992","-79.9344291 40.437959)","","","","","","","","","","","","","","","","","","","","","","","","","","","","","","","","","","","","","","","","","","","","","","","","","","","","","","","","","","","","","","","",1,642,264,264
20,104692920,105060263,139.742980957,1,1,2,2,1,"LINESTRING(-79.933552 40.4442524","-79.9329246 40.4430899)","","","","","","","","","","","","","","","","","","","","","","","","","","","","","","","","","","","","","","","","","","","","","","","","","","","","","","","","","","","","","","","","",1,642,192,192
139,302985526,302985769,655.507629395,0,0,5,5,1,"LINESTRING(-79.9438358 40.4386092","-79.9439471 40.4385784","-79.9440501 40.4384935","-79.9441188 40.4384151","-79.9442303 40.4383759","-79.9443848 40.4382975","-79.9444878 40.4382387","-79.9445136 40.4381734","-79.9445308 40.438095","-79.9445565 40.4380296","-79.9446423 40.4379774","-79.9447367 40.4379251","-79.944814 40.4378663","-79.9448827 40.4377879","-79.9449342 40.4377357","-79.9449857 40.4377161","-79.9450715 40.4376638","-79.9451573 40.4376181","-79.9451916 40.4375854","-79.9452002 40.4375528","-79.9451745 40.4375201","-79.9451316 40.4374874","-79.9450972 40.4374286","-79.9450114 40.4373176","-79.9449256 40.4372327","-79.9447196 40.4369975","-79.9445737 40.4368146","-79.944402 40.4366839","-79.9443248 40.4365924","-79.9441273 40.4364422","-79.9439814 40.4363638","-79.9438784 40.4362919","-79.9435952 40.4362005","-79.943415 40.436207","-79.9431575 40.436207","-79.9430459 40.4362266","-79.9429515 40.4362135","-79.9427026 40.4362201","-79.9426339 40.4362854","-79.9425566 40.4363442","-79.9424622 40.4364095","-79.9423163 40.4364553","-79.9422219 40.4364291","-79.9422133 40.4363834","-79.9421447 40.4363377","-79.942076 40.4363246","-79.9420073 40.4363965","-79.94187 40.4363769","-79.9417756 40.4363834","-79.9417241 40.4363899","-79.9415438 40.4363965","-79.9413979 40.4363769","-79.9412778 40.4363507","-79.9411834 40.436305","-79.9410804 40.4362789","-79.9409945 40.4362397","-79.9408829 40.4362005","-79.9407628 40.4361678","-79.9406512 40.4361613)","","","","","","","",1,642,67,67
260,924785117,924785113,7.21633148193,1,1,2,2,1,"LINESTRING(-79.9359238 40.439047","-79.9358525 40.4390826)","","","","","","","","","","","","","","","","","","","","","","","","","","","","","","","","","","","","","","","","","","","","","","","","","","","","","","","","","","","","","","","","",1,642,262,262
106,302757130,302757190,59.1967391968,0,0,5,5,1,"LINESTRING(-79.9425436 40.4418662","-79.9419857 40.4417552","-79.9419543 40.4418456)","","","","","","","","","","","","","","","","","","","","","","","","","","","","","","","","","","","","","","","","","","","","","","","","","","","","","","","","","","","","","","","",1,642,179.333333333333,179.333333333333
168,302755874,1781170598,4.32147836685,0,0,5,5,1,"LINESTRING(-79.9396708 40.4422831","-79.9396598 40.4422993","-79.9396391 40.4423126)","","","","","","","","","","","","","","","","","","","","","","","","","","","","","","","","","","","","","","","","","","","","","","","","","","","","","","","","","","","","","","","",1,642,76,76
66,105681731,3527046161,385.657775879,1,1,2,2,1,"LINESTRING(-79.9351739 40.4350738","-79.935311 40.4350001","-79.9355052 40.4350117","-79.9361306 40.4354216","-79.9362986 40.4354205","-79.9363634 40.4353204","-79.9362362 40.4351954","-79.9360036 40.4350171","-79.9359347 40.4348276","-79.9358798 40.4346738","-79.935709 40.4345079","-79.9349359 40.4342","-79.9347784 40.4341624","-79.9345629 40.4341793","-79.934189 40.4343123","-79.9340844 40.4343156)","","","","","","","","","","","","","","","","","","","","","","","","","","","","","","","","","","","","","","","","","","","","","","","","","","",1,642,2602,2602
271,303599692,303599694,62.5111274719,1,1,2,2,1,"LINESTRING(-79.9369424 40.4412218","-79.9375175 40.4415746)","","","","","","","","","","","","","","","","","","","","","","","","","","","","","","","","","","","","","","","","","","","","","","","","","","","","","","","","","","","","","","","","",1,642,7,7
60,1781186413,106313696,52.6030654907,1,1,2,2,1,"LINESTRING(-79.9401028 40.4415951","-79.9395563 40.4418205)","","","","","","","","","","","","","","","","","","","","","","","","","","","","","","","","","","","","","","","","","","","","","","","","","","","","","","","","","","","","","","","","",1,642,1834,1834
115,302755593,302755913,38.1368217468,0,0,5,5,1,"LINESTRING(-79.9436852 40.4423431","-79.9433418 40.4425652)","","","","","","","","","","","","","","","","","","","","","","","","","","","","","","","","","","","","","","","","","","","","","","","","","","","","","","","","","","","","","","","","",1,642,137,137
94,1707758890,1707758893,8.18428134918,0,0,5,5,1,"LINESTRING(-79.9426988 40.44288","-79.9426748 40.4429513)","","","","","","","","","","","","","","","","","","","","","","","","","","","","","","","","","","","","","","","","","","","","","","","","","","","","","","","","","","","","","","","","",1,642,37,37
50,2173707922,2173707925,68.9640808105,1,1,2,2,1,"LINESTRING(-79.9415225 40.4376021","-79.9413569 40.4377406","-79.9411845 40.4378267","-79.9410143 40.4378094","-79.9409057 40.4376899)","","","","","","","","","","","","","","","","","","","","","","","","","","","","","","","","","","","","","","","","","","","","","","","","","","","","","","","","","","","","","",1,642,441,441
138,302982853,302982922,993.741943359,0,0,5,5,1,"LINESTRING(-79.9365828 40.4335154","-79.9366772 40.4335481","-79.9367373 40.4336069","-79.9367888 40.4336722","-79.9368317 40.4337441","-79.9368832 40.4337768","-79.9369862 40.4338094","-79.9371236 40.4338486","-79.9372266 40.4338813","-79.9372788 40.4338996","-79.9373381 40.4339205","-79.9374411 40.4339531","-79.9375356 40.4339858","-79.9376815 40.4340119","-79.937793 40.434025","-79.9381106 40.4340903","-79.9383509 40.4341426","-79.9385398 40.4342275","-79.93872 40.434319","-79.9388402 40.4343843","-79.9389861 40.4344301","-79.9390977 40.4344497","-79.9393122 40.4344562","-79.9394753 40.4344693","-79.9396899 40.4344954","-79.9398101 40.434515","-79.939956 40.4345281","-79.9401448 40.4345477","-79.940531 40.4345999","-79.9407714 40.4346522","-79.9409774 40.4346914","-79.9411748 40.4347436","-79.9413207 40.4347763","-79.9414065 40.4348024","-79.9415181 40.4348351","-79.9417327 40.4348939","-79.9419043 40.4349462","-79.9421017 40.4349854","-79.942179 40.4349984","-79.9423163 40.4349984","-79.9425566 40.4349854","-79.9427798 40.4349658","-79.9429772 40.4349527","-79.9432776 40.4349462","-79.9435265 40.4349527","-79.9437669 40.4349854","-79.9439557 40.4350311","-79.9441445 40.4351487","-79.9442389 40.4352271","-79.9444278 40.4353055","-79.944608 40.4353773","-79.9447797 40.4354688","-79.9449513 40.4355799","-79.9451316 40.4356648","-79.9453719 40.4357432","-79.9455006 40.435815","-79.9456895 40.4359326","-79.9457839 40.4360306","-79.9458611 40.4361417","-79.9459985 40.4363115","-79.9460757 40.4363703","-79.9462216 40.4364487","-79.9463246 40.4364487","-79.9466765 40.4363573","-79.9469168 40.4362658","-79.9470628 40.4362201)",1,642,35,35
71,302450295,302450446,112.529457092,0,0,5,5,1,"LINESTRING(-79.9441916 40.4402067","-79.94408 40.440161","-79.9438998 40.4401218","-79.9437882 40.4401545","-79.9436852 40.4402328","-79.943565 40.4403047","-79.9434191 40.4403896","-79.9432904 40.4404288","-79.943153 40.4404353","-79.9430157 40.4404288)","","","","","","","","","","","","","","","","","","","","","","","","","","","","","","","","","","","","","","","","","","","","","","","","","","","","","","","","",1,642,88,88
41,105958973,105958952,34.5082969666,1,1,2,2,1,"LINESTRING(-79.9326892 40.4371968","-79.9330877 40.4371311)","","","","","","","","","","","","","","","","","","","","","","","","","","","","","","","","","","","","","","","","","","","","","","","","","","","","","","","","","","","","","","","","",1,642,106,106
143,4846860755,2713700273,167.384262085,0,0,5,5,1,"LINESTRING(-79.9422317 40.4391772","-79.9422945 40.4391428","-79.9423374 40.439097","-79.9424404 40.4390317","-79.9425434 40.438986","-79.9426207 40.4389403","-79.942798 40.4388462","-79.9429201 40.4387169","-79.9430652 40.4385095","-79.9431041 40.4384152","-79.9431891 40.43829","-79.9431802 40.4381701","-79.9430811 40.4379802)","","","","","","","","","","","","","","","","","","","","","","","","","","","","","","","","","","","","","","","","","","","","","","","","","","","","","",1,642,131,131
216,2919123583,2919123584,66.9967498779,0,0,5,5,1,"LINESTRING(-79.943417 40.4432127","-79.9426561 40.4430463)","","","","","","","","","","","","","","","","","","","","","","","","","","","","","","","","","","","","","","","","","","","","","","","","","","","","","","","","","","","","","","","","",1,642,180.5,180.5
191,1781186424,1781186430,21.5547027588,0,0,5,5,1,"LINESTRING(-79.9404709 40.4417031","-79.9402475 40.4417962)","","","","","","","","","","","","","","","","","","","","","","","","","","","","","","","","","","","","","","","","","","","","","","","","","","","","","","","","","","","","","","","","",1,642,287,287
223,302756874,302759445,40.1602134705,1,1,2,2,1,"LINESTRING(-79.9434387 40.440762","-79.9429814 40.4406655)","","","","","","","","","","","","","","","","","","","","","","","","","","","","","","","","","","","","","","","","","","","","","","","","","","","","","","","","","","","","","","","","",1,642,132,132
117,302756922,302756937,9.87646579742,0,0,5,5,1,"LINESTRING(-79.9430844 40.4418466","-79.9430501 40.4419315)","","","","","","","","","","","","","","","","","","","","","","","","","","","","","","","","","","","","","","","","","","","","","","","","","","","","","","","","","","","","","","","","",1,642,121,121
274,105142357,2716677223,81.709274292,1,1,2,2,1,"LINESTRING(-79.9365934 40.4404431","-79.9363465 40.4402612","-79.9361554 40.4401832","-79.9361291 40.4401005","-79.9361828 40.4398811)","","","","","","","","","","","","","","","","","","","","","","","","","","","","","","","","","","","","","","","","","","","","","","","","","","","","","","","","","","","","","",1,642,825,825
54,104683089,302966890,33.1120681763,1,1,2,2,1,"LINESTRING(-79.9415669 40.4417563","-79.9414744 40.4417255","-79.9411912 40.4416769)","","","","","","","","","","","","","","","","","","","","","","","","","","","","","","","","","","","","","","","","","","","","","","","","","","","","","","","","","","","","","","","",1,642,827.333333333333,827.333333333333
284,3957586997,3957586994,4.35876083374,0,0,5,5,1,"LINESTRING(-79.9422823 40.4355663","-79.9423077 40.4356004)","","","","","","","","","","","","","","","","","","","","","","","","","","","","","","","","","","","","","","","","","","","","","","","","","","","","","","","","","","","","","","","","",1,642,14,14
133,302967462,302967460,6.68738126755,0,0,5,5,1,"LINESTRING(-79.941362 40.4430401","-79.9413792 40.4429814)","","","","","","","","","","","","","","","","","","","","","","","","","","","","","","","","","","","","","","","","","","","","","","","","","","","","","","","","","","","","","","","","",1,642,121,121
23,105012943,2522970643,165.253555298,1,1,2,2,1,"LINESTRING(-79.9382411 40.4433566","-79.9379071 40.4435253","-79.9377961 40.4435414","-79.9376926 40.4435122","-79.9371776 40.4430223","-79.93686 40.4427872","-79.9368192 40.4427526)","","","","","","","","","","","","","","","","","","","","","","","","","","","","","","","","","","","","","","","","","","","","","","","","","","","","","","","","","","","",1,642,15.1666666666667,15.1666666666667
195,104683082,472546570,104.544494629,1,1,2,2,1,"LINESTRING(-79.942126 40.4404288","-79.9420462 40.4403919","-79.9409456 40.4401601)","","","","","","","","","","","","","","","","","","","","","","","","","","","","","","","","","","","","","","","","","","","","","","","","","","","","","","","","","","","","","","","",1,642,237,237
187,1781186425,1781186415,21.5544948578,0,0,5,5,1,"LINESTRING(-79.9401961 40.4417248","-79.9404195 40.4416317)","","","","","","","","","","","","","","","","","","","","","","","","","","","","","","","","","","","","","","","","","","","","","","","","","","","","","","","","","","","","","","","","",1,642,56,56
128,302967460,302967357,18.8608512878,0,0,5,5,1,"LINESTRING(-79.9413792 40.4429814","-79.9411646 40.4429356)","","","","","","","","","","","","","","","","","","","","","","","","","","","","","","","","","","","","","","","","","","","","","","","","","","","","","","","","","","","","","","","","",1,642,414,414
159,1705902934,1705902930,17.4638118744,0,0,5,5,1,"LINESTRING(-79.9436638 40.4426471","-79.9436316 40.4426491","-79.943594 40.4426736","-79.943503 40.4427383)","","","","","","","","","","","","","","","","","","","","","","","","","","","","","","","","","","","","","","","","","","","","","","","","","","","","","","","","","","","","","","",1,642,5,5
213,302450455,302450456,13.3342704773,0,0,5,5,1,"LINESTRING(-79.9431444 40.4395796","-79.9432217 40.4394751)","","","","","","","","","","","","","","","","","","","","","","","","","","","","","","","","","","","","","","","","","","","","","","","","","","","","","","","","","","","","","","","","",1,642,198,198
184,1783643325,1781186440,2.65988302231,0,0,5,5,1,"LINESTRING(-79.9396358 40.441931","-79.9396509 40.441952)","","","","","","","","","","","","","","","","","","","","","","","","","","","","","","","","","","","","","","","","","","","","","","","","","","","","","","","","","","","","","","","","",1,642,116,116
256,303189650,302979966,29.6493740082,0,0,5,5,1,"LINESTRING(-79.9421773 40.4391873","-79.9421574 40.4390698","-79.9421818 40.4389228)","","","","","","","","","","","","","","","","","","","","","","","","","","","","","","","","","","","","","","","","","","","","","","","","","","","","","","","","","","","","","","","",1,642,56,56
224,302759445,302452323,57.4414596558,1,1,2,2,1,"LINESTRING(-79.9429814 40.4406655","-79.9423935 40.4405214","-79.9423451 40.440493)","","","","","","","","","","","","","","","","","","","","","","","","","","","","","","","","","","","","","","","","","","","","","","","","","","","","","","","","","","","","","","","",1,642,184,184
243,105012969,105012991,179.841949463,4,4,2,2,1,"LINESTRING(-79.9368713 40.4418697","-79.9364079 40.4413482","-79.9362855 40.4412127","-79.9356364 40.440554)","","","","","","","","","","","","","","","","","","","","","","","","","","","","","","","","","","","","","","","","","","","","","","","","","","","","","","","","","","","","","","",1,642,141,141
242,924785113,105013018,152.809234619,1,1,2,2,1,"LINESTRING(-79.9358525 40.4390826","-79.9344353 40.4387957","-79.9341174 40.4388856)","","","","","","","","","","","","","","","","","","","","","","","","","","","","","","","","","","","","","","","","","","","","","","","","","","","","","","","","","","","","","","","",1,642,747,747
286,3957586995,3957586997,18.0120887756,0,0,5,5,1,"LINESTRING(-79.9420963 40.4355091","-79.9421715 40.4355284","-79.9422366 40.4355276","-79.9422823 40.4355663)","","","","","","","","","","","","","","","","","","","","","","","","","","","","","","","","","","","","","","","","","","","","","","","","","","","","","","","","","","","","","","",1,642,90,90
283,3957586994,3957586992,47.5050926208,0,0,5,5,1,"LINESTRING(-79.9423077 40.4356004","-79.9424551 40.4356483","-79.9427031 40.4357025","-79.9428454 40.4356916)","","","","","","","","","","","","","","","","","","","","","","","","","","","","","","","","","","","","","","","","","","","","","","","","","","","","","","","","","","","","","","",1,642,78,78
86,302755847,302757340,131.659805298,0,0,5,5,1,"LINESTRING(-79.9390274 40.4434006","-79.9392259 40.4428863","-79.9392733 40.4428412","-79.9394275 40.4427238","-79.9393919 40.4424816","-79.9394194 40.4423496","-79.9394735 40.4423271)","","","","","","","","","","","","","","","","","","","","","","","","","","","","","","","","","","","","","","","","","","","","","","","","","","","","","","","","","","","",1,642,63,63
22,105060275,105060288,221.041549683,1,1,2,2,1,"LINESTRING(-79.9321257 40.4416786","-79.9311225 40.4398432)","","","","","","","","","","","","","","","","","","","","","","","","","","","","","","","","","","","","","","","","","","","","","","","","","","","","","","","","","","","","","","","","",1,642,14.6666666666667,14.6666666666667
285,3957587000,3957586995,8.19638633728,0,0,5,5,1,"LINESTRING(-79.9420079 40.4355392","-79.9420963 40.4355091)","","","","","","","","","","","","","","","","","","","","","","","","","","","","","","","","","","","","","","","","","","","","","","","","","","","","","","","","","","","","","","","","",1,642,88,88
116,302755913,1707758890,64.7008285522,0,0,5,5,1,"LINESTRING(-79.9433418 40.4425652","-79.9426988 40.44288)","","","","","","","","","","","","","","","","","","","","","","","","","","","","","","","","","","","","","","","","","","","","","","","","","","","","","","","","","","","","","","","","",1,642,170.333333333333,170.333333333333
165,1713340598,1713340583,17.7187786102,0,0,5,5,1,"LINESTRING(-79.9419257 40.4419419","-79.9418822 40.4419326","-79.941846 40.4419137","-79.9418372 40.4418928","-79.9418579 40.441825)","","","","","","","","","","","","","","","","","","","","","","","","","","","","","","","","","","","","","","","","","","","","","","","","","","","","","","","","","","","","","",1,642,82,82
261,924785116,3643294726,133.850646973,0,0,5,5,1,"LINESTRING(-79.9360997 40.4390573","-79.9361181 40.4389237","-79.9360497 40.4388543","-79.9358462 40.4387899","-79.9356719 40.4386907","-79.9350466 40.4384924","-79.9348985 40.4384205)","","","","","","","","","","","","","","","","","","","","","","","","","","","","","","","","","","","","","","","","","","","","","","","","","","","","","","","","","","","",1,642,897,897
129,302967357,302967377,65.049659729,0,0,5,5,1,"LINESTRING(-79.9411646 40.4429356","-79.9404264 40.4427725)","","","","","","","","","","","","","","","","","","","","","","","","","","","","","","","","","","","","","","","","","","","","","","","","","","","","","","","","","","","","","","","","",1,642,375,375
11,104692913,104949802,133.965316772,1,1,2,2,1,"LINESTRING(-79.9346619 40.4438223","-79.9340311 40.4427173)","","","","","","","","","","","","","","","","","","","","","","","","","","","","","","","","","","","","","","","","","","","","","","","","","","","","","","","","","","","","","","","","",1,642,196,196
151,105060288,107671872,1647.33813477,2,2,2,2,1,"LINESTRING(-79.9311225 40.4398432","-79.9308005 40.4399475","-79.9299957 40.4402058","-79.9277741 40.4409128","-79.9271156 40.4409907","-79.9254429 40.4411785","-79.9244458 40.4412948","-79.9233634 40.4414128","-79.9209508 40.441697","-79.9198965 40.4418183","-79.918547 40.4420453","-79.9171622 40.4422747","-79.9159809 40.4424897","-79.9149661 40.4426658","-79.9122221 40.4431363)","","","","","","","","","","","","","","","","","","","","","","","","","","","","","","","","","","","","","","","","","","","","","","","","","","","",1,642,143.666666666667,143.666666666667
167,1781170590,302755874,21.6604652405,0,0,5,5,1,"LINESTRING(-79.9395504 40.4422926","-79.9395428 40.4422736","-79.9395452 40.4422546","-79.9395578 40.4422367","-79.9395768 40.4422249","-79.9396015 40.4422191","-79.9396268 40.442221","-79.939649 40.4422299","-79.9396657 40.4422452","-79.9396731 40.4422628","-79.9396708 40.4422831)","","","","","","","","","","","","","","","","","","","","","","","","","","","","","","","","","","","","","","","","","","","","","","","","","","","","","","","",1,642,62,62
87,302757340,1781170590,7.55377197266,0,0,5,5,1,"LINESTRING(-79.9394735 40.4423271","-79.9395504 40.4422926)","","","","","","","","","","","","","","","","","","","","","","","","","","","","","","","","","","","","","","","","","","","","","","","","","","","","","","","","","","","","","","","","",1,642,90,90
179,1781186424,1781186415,9.05226898193,0,0,5,5,1,"LINESTRING(-79.9404709 40.4417031","-79.9404195 40.4416317)","","","","","","","","","","","","","","","","","","","","","","","","","","","","","","","","","","","","","","","","","","","","","","","","","","","","","","","","","","","","","","","","",1,642,116,116
158,4181749181,104583190,28.911233902,1,1,2,2,1,"LINESTRING(-79.9390972 40.4437626","-79.9389845 40.44384","-79.9388213 40.4439138)","","","","","","","","","","","","","","","","","","","","","","","","","","","","","","","","","","","","","","","","","","","","","","","","","","","","","","","","","","","","","","","",1,642,78,78
13,104949814,104836324,108.957435608,1,1,2,2,1,"LINESTRING(-79.9332475 40.4413052","-79.9327476 40.4404022)","","","","","","","","","","","","","","","","","","","","","","","","","","","","","","","","","","","","","","","","","","","","","","","","","","","","","","","","","","","","","","","","",1,642,19.5,19.5
141,302985769,270187342,65.8814544678,0,0,5,5,1,"LINESTRING(-79.9406512 40.4361613","-79.9406598 40.4362135","-79.9407027 40.4362462","-79.9406855 40.4362789","-79.9406855 40.4363181","-79.9407113 40.4363377","-79.94078 40.4363703","-79.9408314 40.4364095","-79.9408057 40.4364422","-79.9407456 40.4364814","-79.940677 40.4365206","-79.940574 40.436599)","","","","","","","","","","","","","","","","","","","","","","","","","","","","","","","","","","","","","","","","","","","","","","","","","","","","","","",1,642,400,400
279,2173708035,303191312,322.462432861,0,0,5,5,1,"LINESTRING(-79.943368 40.4356581","-79.9437543 40.4357316","-79.9441227 40.4358503","-79.9442429 40.435896","-79.9443544 40.4359418","-79.944466 40.4360005","-79.9445519 40.4360789","-79.9446463 40.4361443","-79.9447578 40.4362031","-79.9448608 40.4362488","-79.9449553 40.436288","-79.9450153 40.4363272","-79.9451269 40.4363795","-79.9452299 40.4364186","-79.9453157 40.4364448","-79.9454187 40.4364644","-79.9455303 40.4364905","-79.9456247 40.4365297","-79.9457191 40.4365624","-79.9458393 40.4366081","-79.9459337 40.4366604","-79.946011 40.4366996","-79.9460968 40.4367453","-79.9461912 40.436791","-79.9462685 40.4368237","-79.9463457 40.4368433","-79.9464315 40.4368563","-79.9465174 40.4368563","-79.9465946 40.4368629","-79.9466375 40.4368629","-79.9466976 40.4368498","-79.9467491 40.4368433)","","","","","","","","","","","","","","","","","","","","","","","","","","","","","","","","","","",1,642,30,30
91,302755916,302755937,8.33270168304,0,0,5,5,1,"LINESTRING(-79.9430706 40.4421231","-79.9429728 40.4421144)","","","","","","","","","","","","","","","","","","","","","","","","","","","","","","","","","","","","","","","","","","","","","","","","","","","","","","","","","","","","","","","","",1,642,380,380
126,302967357,302967361,24.9210186005,0,0,5,5,1,"LINESTRING(-79.9411646 40.4429356","-79.9411732 40.4429683","-79.9412161 40.4430075","-79.9412762 40.4430663","-79.9413277 40.4431185)","","","","","","","","","","","","","","","","","","","","","","","","","","","","","","","","","","","","","","","","","","","","","","","","","","","","","","","","","","","","","",1,642,363,363
189,1781186412,1781186421,16.0378856659,0,0,5,5,1,"LINESTRING(-79.9407609 40.4415823","-79.9405947 40.4416516)","","","","","","","","","","","","","","","","","","","","","","","","","","","","","","","","","","","","","","","","","","","","","","","","","","","","","","","","","","","","","","","","",1,642,28,28
37,104949814,105060275,103.616996765,1,1,2,2,1,"LINESTRING(-79.9332475 40.4413052","-79.9321257 40.4416786)","","","","","","","","","","","","","","","","","","","","","","","","","","","","","","","","","","","","","","","","","","","","","","","","","","","","","","","","","","","","","","","","",1,642,682.666666666667,682.666666666667
177,1781186438,1781186442,12.4708995819,0,0,5,5,1,"LINESTRING(-79.9393456 40.4419097","-79.9394182 40.4420073)","","","","","","","","","","","","","","","","","","","","","","","","","","","","","","","","","","","","","","","","","","","","","","","","","","","","","","","","","","","","","","","","",1,642,235,235
266,3103583478,3643294766,113.003967285,1,1,2,2,1,"LINESTRING(-79.9345695 40.4385444","-79.9342449 40.4384825","-79.9341244 40.4383958","-79.933986 40.4382446","-79.9338231 40.4380624","-79.933802 40.4379868","-79.9338915 40.4379608","-79.9339972 40.4379576)","","","","","","","","","","","","","","","","","","","","","","","","","","","","","","","","","","","","","","","","","","","","","","","","","","","","","","","","","","",1,642,402,402
72,302450446,4388097861,47.3718833923,0,0,5,5,1,"LINESTRING(-79.9430157 40.4404288","-79.9428612 40.4403962","-79.9426724 40.440357","-79.9425674 40.4403138","-79.9425153 40.4402633)","","","","","","","","","","","","","","","","","","","","","","","","","","","","","","","","","","","","","","","","","","","","","","","","","","","","","","","","","","","","","",1,642,63,63
97,302756806,302756791,40.7003479004,0,0,5,5,1,"LINESTRING(-79.9432916 40.4412093","-79.9428269 40.441115)","","","","","","","","","","","","","","","","","","","","","","","","","","","","","","","","","","","","","","","","","","","","","","","","","","","","","","","","","","","","","","","","",1,642,315,315
122,302966891,302966884,15.7832612991,1,1,2,2,1,"LINESTRING(-79.9405323 40.4419479","-79.9407012 40.4420081)","","","","","","","","","","","","","","","","","","","","","","","","","","","","","","","","","","","","","","","","","","","","","","","","","","","","","","","","","","","","","","","","",1,642,160,160
153,105012943,3250540836,46.2631111145,4,4,2,2,1,"LINESTRING(-79.9382411 40.4433566","-79.9379277 40.4430157)","","","","","","","","","","","","","","","","","","","","","","","","","","","","","","","","","","","","","","","","","","","","","","","","","","","","","","","","","","","","","","","","",1,642,126,126
